{
    "train_loss": [
        4.556013307139906,
        2.4497610204927707,
        1.2969980414614344,
        0.7267860176075344,
        0.45170267724860214,
        0.3099124457186654,
        0.23553225503214242,
        0.19887880439051203,
        0.17844084967524054,
        0.16051620210280823,
        0.1565566274094244,
        0.14449424870254438,
        0.14350761244178406,
        0.14164092001529827,
        0.134942539360384,
        0.135992959002145,
        0.13078001180987855,
        0.13564245976087752,
        0.13116968032566464,
        0.12398207069399332
    ],
    "train_acc": [
        0.1444667830236617,
        0.5142831893599629,
        0.7446921326469743,
        0.8595099750347966,
        0.9172613392837417,
        0.9450323663919757,
        0.9609614917261339,
        0.9687161699401277,
        0.9728254866005347,
        0.9756975896427545,
        0.9775755031703599,
        0.9799173718047853,
        0.9804696993129046,
        0.9802929545103064,
        0.9816627267304421,
        0.9820383094359632,
        0.9819941232353137,
        0.9815301681284935,
        0.9815522612288182,
        0.9823255197401851
    ],
    "val_loss": [
        3.158971537713503,
        1.6741337001613426,
        0.9763952923727098,
        0.6453623235936824,
        0.465612425253131,
        0.386053711831754,
        0.36377434340715936,
        0.33574812445975594,
        0.32555189519870403,
        0.2828355856348443,
        0.26683727794919876,
        0.284893744275257,
        0.2541964252148905,
        0.2986087528309673,
        0.25230946523448927,
        0.259989895817457,
        0.258863154526469,
        0.2090591275159943,
        0.2540516177532265,
        0.2079676110397858
    ],
    "val_acc": [
        0.37454706142288996,
        0.6543526292532037,
        0.7936367653557225,
        0.860627485638533,
        0.8948298718515245,
        0.9111798497569598,
        0.9184268669907203,
        0.9221387538665489,
        0.9248784798939461,
        0.9374281926646045,
        0.9414935925762262,
        0.9376049491825011,
        0.9413168360583296,
        0.9368979231109147,
        0.9447635881573133,
        0.9459125055236411,
        0.9427308882015024,
        0.9566946531153336,
        0.9466195315952276,
        0.9566946531153336
    ]
}